UMAP1,UMAP2
6.607483,12.637182
7.114173,14.459123
7.7711024,15.483059
7.8024125,12.824166
7.1512184,13.313564
6.3282814,12.805528
7.4744973,13.004985
9.683215,9.632841
7.38818,11.959052
6.5762577,12.316112
6.8010163,13.949829
9.700378,9.830758
9.669677,10.248832
7.3037577,14.876191
9.85459,10.680389
7.465509,12.94255
12.648801,-2.0560064
12.690632,-3.7265146
8.113933,12.901611
6.375812,13.05551
9.641721,9.726686
7.5647693,15.286196
6.9382386,14.656615
7.290988,12.541483
6.927907,14.59313
7.070873,12.363498
12.380338,-2.284732
7.378944,13.316337
9.752004,10.556948
10.505972,10.254153
10.019491,10.5888405
7.1362514,15.225
7.390383,14.593069
9.614469,10.183668
12.352169,-3.9514093
12.3792715,-2.8118322
8.261391,14.853537
7.729646,15.344894
8.06735,14.950482
7.390396,14.609545
9.510038,9.212724
7.5317955,13.875349
7.0132875,15.082272
12.810271,-1.889621
7.7876806,13.497235
7.761976,14.964397
7.6767316,13.555599
12.531278,-3.4341965
13.331169,-1.8519256
12.717643,-3.532681
12.662003,-3.4165652
7.5144596,14.523199
7.497437,12.117011
9.894339,10.809765
7.016562,14.310465
6.782789,14.725917
7.451173,14.545323
12.583178,-2.0628593
12.678457,-3.314982
9.889917,10.76849
12.401978,-3.8614035
7.2842946,12.585902
8.232323,12.860081
12.697919,-3.2854314
6.758488,13.837573
7.0565023,15.15589
7.500783,14.806711
13.031643,-1.8457941
8.058643,15.047805
13.061671,-2.9080632
12.594257,-3.7334285
12.450642,-2.4313757
9.901518,10.571878
7.8706565,14.954942
7.5403037,13.469051
7.808662,15.490232
9.830105,9.806235
12.900671,-3.5933168
9.849241,10.868485
7.924979,15.478111
8.196901,12.853673
6.8147607,13.801653
9.531352,9.84535
6.296658,12.51586
7.070956,14.224754
12.37377,-3.8338597
12.524801,-2.446606
12.672932,-3.506026
12.64981,-3.127512
6.510833,13.670913
7.8854623,14.992369
12.829555,-2.9404216
6.958453,13.240065
12.590582,-3.2354152
8.129215,12.71113
7.5788064,14.091662
6.8825893,14.522402
7.6291676,12.153845
7.979295,14.965294
7.6457405,13.406224
7.6579647,12.146769
12.751028,-3.952194
8.181637,14.986937
7.3957505,15.381841
9.731533,10.366227
9.470432,9.404566
7.5791197,12.102219
7.79436,13.6392355
9.416492,9.345387
9.729583,10.162091
6.5144987,12.637324
12.739332,-2.4399576
12.492899,-2.2329361
7.8684278,15.557122
12.495781,-3.280492
7.5073137,12.204439
7.2813807,14.455141
6.533468,13.554812
12.751263,-3.2824695
6.9760046,13.277684
6.470696,12.816379
7.542809,14.936998
8.291627,14.705458
7.172764,13.006149
7.4353642,12.161348
13.030708,-2.01847
7.622581,14.887153
8.106813,15.256167
12.8707075,-2.1659865
12.81415,-2.638844
7.112096,14.117248
7.933396,15.522475
7.1223836,15.051037
9.546497,9.460157
9.424762,9.53809
7.6184416,12.201327
7.4651294,12.813253
7.631083,14.80358
7.7592735,12.434621
8.149853,13.243658
8.208091,12.934769
7.282031,14.586558
7.548349,14.835439
9.621689,9.566987
13.262364,-1.8413775
7.211399,15.160697
12.970024,-3.0718265
7.4316983,12.204595
12.556331,-2.4815707
7.232183,14.260655
12.383005,-3.958966
7.6876016,12.259787
7.016197,13.049922
7.585836,12.900705
9.547832,9.410833
7.8715677,15.4104395
7.2147794,14.140435
12.3859215,-3.8411114
13.141925,-1.9747527
7.641518,14.777098
12.924346,-3.473488
12.570841,-2.0846763
12.689274,-3.0275724
12.573106,-2.4548104
6.446132,12.980233
7.1924853,12.430191
8.214462,12.991525
6.343483,12.719982
12.327775,-3.9328794
6.7420816,14.397131
6.661944,14.026075
7.434715,13.4029455
12.600123,-3.5398436
8.226131,12.922747
12.988515,-2.9389796
7.1904306,14.297499
12.983186,-2.6002638
8.08665,14.793387
7.430986,14.445354
7.2567825,14.505726
7.8466444,13.782031
7.329785,14.7232485
12.555732,-2.2016802
12.594924,-2.477266
7.8975163,13.599938
7.716807,14.953065
7.3757777,12.70722
7.348245,14.927371
12.304607,-4.0055165
12.533171,-2.1885154
7.4364047,14.91154
7.0857596,12.371895
7.8142962,13.840434
6.913087,13.534897
7.0021605,12.341367
7.9082723,15.483108
8.15229,15.134767
8.295729,14.803295
12.468238,-3.7478352
12.432713,-3.7798738
7.0431085,14.51242
6.3992486,12.641402
7.6341395,14.652698
6.867757,14.360476
12.391381,-3.6851237
7.2372265,14.270615
12.323305,-3.9756916
6.9561596,14.956511
7.8878875,14.734042
13.042941,-2.5653331
12.543167,-3.6743133
12.316196,-3.8246906
9.775033,10.7266
7.127869,13.130126
7.8904886,14.659844
9.638673,9.706145
10.351809,10.348291
12.61392,-3.7342126
7.270256,14.388342
9.784445,10.491717
7.0461783,13.064946
8.056478,12.748155
6.4353123,12.56257
12.994894,-3.4049625
7.619899,15.271602
6.8844795,13.257977
9.705541,9.663058
7.678292,15.140725
6.5755305,12.213918
7.219522,14.365321
6.9517856,13.040809
7.3268824,11.786087
6.345209,12.513686
12.422927,-3.8780465
6.311245,12.820842
7.086254,15.172164
12.399538,-2.4753802
7.554468,12.214572
7.568821,12.112756
9.621305,9.628606
7.3524537,12.485945
12.853222,-3.5322137
10.0050955,10.686237
9.850114,10.610062
8.162668,12.853549
12.3660555,-2.6861625
8.215018,12.84569
7.865173,15.531797
6.8820662,13.86773
6.5941186,13.377395
6.861047,13.9143305
12.885172,-2.8210588
6.9385777,12.297496
6.850862,14.708398
13.012394,-2.9150548
12.552856,-3.832688
6.757782,13.294514
7.5314045,12.076713
12.319482,-3.8490145
7.4756427,13.392173
12.651617,-1.9460624
12.371235,-3.765458
7.5049977,15.062289
13.234324,-2.050657
7.5187106,14.204936
7.577429,14.024308
10.285996,10.416861
12.821837,-3.9919302
12.515582,-3.5593817
12.585435,-3.44193
7.594342,13.229858
6.7801743,13.768558
6.868512,14.69643
12.405061,-2.7947452
12.895391,-2.2977746
7.190555,15.099741
7.607957,13.559106
6.58024,14.004155
12.468448,-3.6957343
13.234019,-1.8890251
7.8624153,15.41924
7.419262,12.019408
7.739056,15.50481
9.6448,9.995166
8.3304825,13.085103
12.345994,-2.4528317
7.12058,14.290873
7.5451145,13.719627
7.741074,12.213961
7.0513515,12.903412
7.449176,12.135067
10.15413,10.400929
12.680042,-4.032487
7.903076,15.008018
6.4029636,12.405205
6.84867,14.262066
8.017249,15.390946
6.8967786,13.899708
7.778568,14.677577
7.5178547,15.296225
8.297377,13.023341
7.2181606,15.218424
13.005567,-3.1251204
12.385319,-2.8370438
7.014511,14.241479
9.458942,9.691967
7.900503,15.519369
7.428116,14.830485
12.66326,-3.0447733
13.062189,-1.9423195
6.744876,14.13475
12.958064,-2.0021534
6.826004,14.506292
12.334475,-3.8715596
12.457274,-2.1812549
6.5528665,13.219497
12.569065,-3.901497
12.5474615,-3.2522483
10.107512,10.360525
9.8361025,10.735141
7.0518823,13.086045
7.0570626,15.239129
7.9030347,14.921398
9.422841,9.303165
9.85552,10.771348
10.041451,10.376989
6.2790413,12.831328
7.981766,15.00337
9.700343,9.586915
7.9296374,15.51937
6.944382,13.031755
7.256433,14.740724
6.310004,12.876109
7.7555637,15.509533
12.810215,-3.6133962
7.634305,15.465352
6.682633,13.852901
7.3984566,14.288945
7.5572634,12.945014
7.550559,15.158624
9.838835,9.650982
6.9606514,15.04272
7.678738,15.509111
7.3367915,14.867867
7.6218343,12.122206
7.214442,14.48255
7.6177387,14.5749
7.1858687,12.369811
9.719688,9.723818
12.856581,-3.6705773
7.3328547,14.145877
8.216444,12.895696
6.8527966,14.58138
7.5691514,14.191943
12.9518585,-2.8356597
12.536997,-2.0477226
12.570257,-3.7772348
9.543516,9.554027
7.43177,14.998392
7.2685018,14.333193
7.42239,12.102193
7.07795,12.375652
9.776881,10.356347
7.2775145,14.061851
12.811421,-3.0836334
7.7255387,13.679252
6.36483,13.080406
7.7800503,14.033203
12.427334,-3.6139913
12.43337,-2.326759
12.693991,-3.0871167
7.040047,14.375287
7.2006865,12.451829
6.6784616,13.5871935
12.77125,-2.9701064
14.601712,-3.7357166
17.53038,5.1131945
17.503517,5.130208
17.930374,5.2789855
17.04035,4.8290277
17.499172,4.908107
14.541816,-3.73266
11.279687,9.228523
17.6839,5.0194864
15.047486,-0.5229772
14.670784,-0.62851375
14.50217,-3.6906793
16.73612,4.8790765
14.404407,-0.66271555
14.745059,-0.59449595
17.913303,5.002178
17.919468,5.0002017
11.76007,9.999507
17.804491,5.132682
18.096575,5.207097
18.126934,5.060184
14.457257,-3.590658
17.573708,5.4116626
17.088135,5.0325036
14.575169,-3.766433
17.619833,4.9582343
11.386364,6.7040243
14.6231165,-3.684675
16.817131,4.906955
17.533375,4.898482
17.834608,5.0487666
14.916843,-0.6298527
18.060726,5.055858
10.822058,8.944076
16.758078,4.8924713
17.250536,4.832931
17.438911,5.320215
16.870886,5.0893393
14.752544,-0.5739871
11.662708,9.931792
15.090423,-0.572596
17.05306,4.981033
14.984032,-0.51386464
15.075684,-0.61908454
18.0211,5.2223487
14.507573,-3.6741736
17.600054,5.0376954
15.02277,-0.5195465
15.00113,-0.51736313
17.651346,4.9205737
17.97154,5.1456084
10.657293,8.813709
14.994552,-0.48174888
10.44791,8.385987
14.682745,-0.54405713
17.978493,5.2859006
14.935185,-0.5643938
17.973549,5.306739
17.916828,5.2039294
14.6102295,-0.59201396
17.787855,4.9673276
16.774916,4.934483
17.01166,5.0540915
17.120901,4.7397
14.608877,-3.7189505
14.798372,-0.52059805
15.054887,-0.5250574
16.954775,4.9599853
11.614828,10.073736
14.726546,-0.5583512
17.864721,5.215349
17.979671,5.302814
14.358392,-0.6923088
14.531649,-3.776097
18.023983,5.2496305
14.475102,-3.6477084
16.964437,4.952705
18.046793,5.1840215
17.071194,4.7351303
17.792091,5.21818
17.408585,5.1034164
17.090033,5.0691805
14.968888,-0.48542958
14.766516,-0.5595563
10.708144,8.015194
14.842081,-0.4741957
15.109282,-0.56672806
14.639943,-0.57212347
14.678787,-0.53102446
16.90831,4.900985
15.05949,-0.5361387
17.399773,4.9191213
14.597863,-3.7593966
17.778841,4.9676404
17.102156,4.8389626
16.964968,4.9022455
17.453632,5.079993
17.303413,4.8252306
18.07468,5.163809
16.805483,4.9023833
16.959301,4.946505
17.369228,4.8326287
10.850415,9.021262
17.440466,4.8624573
17.361177,4.8455896
16.746208,4.878608
17.981634,5.1973104
17.392492,5.1966996
17.431591,5.2886033
14.750504,-3.6602423
17.989027,5.1984167
10.695257,8.23961
17.369188,5.266739
17.46856,5.3359504
14.592607,-0.59016746
16.838545,4.9107
17.52141,5.178087
14.498058,-3.5846095
14.690069,-0.5389021
17.938105,5.141204
11.038411,8.488141
14.891095,-0.5162702
18.1053,5.176963
14.702236,-3.6800675
11.703055,10.034908
16.78593,4.8421683
18.022028,5.2932014
17.076075,4.7692766
17.340214,4.9111443
11.618406,9.995447
17.3807,4.794555
17.266863,5.0048146
15.093048,-0.58029056
14.584902,-3.7354698
18.060762,5.1909933
18.06577,5.24402
14.877733,-0.6346972
14.661157,-0.55738014
16.890564,4.8582087
17.765722,5.1596556
17.08248,5.1102743
10.706861,8.475517
15.003359,-0.63985384
17.351347,5.4071555
16.895668,4.870452
14.683358,-0.4907043
17.22304,5.173143
15.020809,-0.4711008
8.386623,13.580738
12.810306,-2.3618557
8.36927,13.670873
8.1894045,14.322664
12.954387,-2.1313925
9.545586,9.344729
7.219579,14.337471
12.822804,-3.810994
12.725101,-2.0039887
12.879288,-3.0962358
8.386432,14.523567
12.349271,-3.602881
10.066692,10.528142
12.721804,-3.91128
7.477623,14.4604845
8.112859,14.149313
10.410043,10.582016
7.0568237,12.110973
10.046849,10.5311985
8.070622,14.08866
8.188392,14.513741
6.403136,12.643473
12.939461,-3.615477
7.6258063,13.274096
12.871091,-4.004841
12.307625,-3.6840875
7.445904,12.012484
12.828235,-3.6659615
12.440976,-3.5030966
6.4465356,12.232476
7.5028796,11.561571
8.312762,13.2205305
6.3142586,12.59663
12.446733,-2.7928016
12.745641,-4.0881195
7.4586153,12.998028
7.5312,11.982059
7.376913,14.517677
7.0378637,13.177488
8.079469,14.26162
7.1427946,13.633783
6.7950726,12.625665
6.65795,12.198885
10.435505,10.31212
8.145301,12.625475
10.473154,10.369219
8.280738,14.389327
7.5338483,12.077084
6.417979,12.378117
7.092278,15.189975
6.7507567,13.522915
6.3321133,12.923878
6.9773455,13.233908
12.740426,-4.08154
9.8406315,9.678037
9.717703,9.497704
12.627622,-2.0241323
12.795918,-2.6110873
8.426382,12.891577
6.936524,12.205915
7.505185,12.749593
8.234424,14.21958
8.39275,14.762632
7.455208,11.95434
8.399229,14.803327
8.487377,14.182857
8.566877,14.619908
9.566461,9.134475
12.876877,-3.9838784
13.370662,-1.8194588
7.558361,13.05282
7.3046165,12.586437
7.498456,12.892821
9.76002,9.318331
9.97956,10.461048
8.242658,13.841794
6.4355016,13.099095
7.1051383,12.973715
12.82613,-4.0064154
6.6498666,12.288947
9.707105,9.000337
8.506741,14.233946
8.298029,14.149057
12.914283,-2.2544627
6.6137843,12.496654
8.38504,14.800901
13.041556,-3.3226242
6.559437,12.0874405
12.655074,-2.0498776
6.3258,12.454564
12.97121,-3.5562577
12.464759,-2.616835
7.5428033,13.043277
6.77485,12.362943
6.5839667,12.819376
7.714943,13.202867
7.412374,12.988727
12.792998,-2.8625278
7.794761,13.146703
7.5354023,11.577787
13.374255,-1.68201
9.6682205,9.068619
9.7796955,10.758364
7.507179,11.78171
12.440582,-3.4191263
7.4282503,11.724436
6.507208,12.0613985
8.242764,14.124353
8.125292,12.83716
7.1548524,12.331858
7.5866213,12.010261
12.942131,-2.3659675
8.525935,14.187744
8.29583,14.99428
7.896581,13.235117
14.176653,-2.9196742
7.900733,12.436583
9.719273,8.984309
6.833837,12.638095
12.88129,-3.9524786
6.9222355,13.648407
13.170962,-3.4799411
13.190259,-1.7794241
6.463352,12.506983
8.175147,13.801424
12.690789,-2.545704
13.897984,-3.1453383
12.552408,-3.6686502
8.020124,14.552009
7.0334573,12.065268
7.383384,13.151965
10.633602,10.630497
6.334573,12.490376
7.7641215,15.147027
13.105455,-2.0108206
10.019537,10.419106
7.486521,11.701898
8.032214,15.250838
7.677224,14.176213
6.2270184,12.667442
13.06585,-2.130839
8.404333,13.678773
8.36256,13.760713
6.5264277,13.159291
12.645855,-2.095598
7.4677787,11.726593
12.695585,-4.0678544
7.946645,14.511249
12.716471,-1.890651
7.647435,13.654603
13.335356,-2.027499
7.5652227,13.4440155
12.700655,-4.0669928
7.795654,12.924938
8.151649,12.838255
8.409839,13.85324
12.782054,-2.5755324
8.298396,14.922267
12.738715,-2.175571
8.051341,13.410362
7.033827,14.123298
8.469047,13.987642
7.1679425,15.119976
7.4556904,12.025256
6.95819,12.113655
8.265503,14.154527
9.811784,9.0861845
12.873598,-2.6414492
10.329386,10.376998
8.2520685,14.411716
7.2471905,12.515127
7.585185,13.473944
8.465664,13.986691
8.413214,13.261589
6.5838,13.446019
12.746487,-4.057167
13.283028,-1.6378496
12.727884,-4.067397
7.8242292,14.522536
7.6493306,12.151125
10.632036,10.720488
12.992321,-2.0279849
7.886405,14.363158
6.544977,13.740612
10.139092,10.571362
13.971823,-3.0683498
8.550535,14.30582
7.1659102,15.246967
7.404892,11.706458
7.585435,13.289757
6.4341984,12.6442795
8.135342,14.069803
8.535578,14.219353
9.806965,10.231583
8.679333,12.702767
13.311581,-1.548515
8.247904,13.910534
8.365803,14.833301
8.739348,12.621119
10.332343,10.617244
8.381282,13.962425
12.847153,-2.426011
8.393368,14.145248
6.281472,12.900874
6.6681175,12.316156
7.500382,13.798407
8.305356,13.79772
9.698226,9.503948
6.303123,12.477109
8.130895,12.742159
12.819594,-2.4716752
6.770381,12.135298
7.6180696,13.068336
6.596481,12.144304
10.010885,10.693625
8.513924,12.7135315
6.8484654,14.460788
7.43547,14.422303
11.800436,7.214297
15.4112835,-3.364629
13.7878275,-1.1244901
14.47816,-2.438904
12.814665,6.4987946
13.069227,8.144189
11.355311,7.563422
13.818391,-0.9924002
11.39752,9.217535
11.289319,6.644638
11.562516,8.279708
13.6064825,-1.3603781
14.620185,8.414703
12.775878,6.9666033
14.540747,-2.9897072
12.534396,7.34708
14.176408,9.778689
12.601664,9.74798
11.175917,10.414865
14.218957,9.758054
13.147908,9.315373
11.233991,10.523428
12.946723,6.552873
13.65235,7.0350776
11.335283,9.840216
13.9936495,7.5752087
12.664119,8.314217
12.443394,7.635821
13.263298,6.708523
13.496377,9.491422
12.47645,8.406811
10.663653,8.734306
15.194694,-3.1358612
13.870174,7.8479247
14.483085,8.906608
15.598926,-2.878208
15.581487,-3.0024207
12.647856,8.251377
11.506981,10.509587
12.819131,8.670017
13.035312,8.455328
14.421688,9.186093
10.763375,7.9469504
11.313942,7.02565
13.960797,-0.9466736
15.160641,-2.8069618
13.589341,7.4927144
11.251257,6.717755
13.3021755,7.6221433
14.705176,-3.2842474
13.036773,6.948444
12.377616,8.031309
10.632212,8.367174
13.707659,-1.3089873
14.375253,9.145955
13.692368,-1.4866813
10.591594,8.1033125
11.67801,10.489234
11.671725,8.245258
11.854117,8.409668
13.767184,8.48963
11.492047,9.874308
12.675623,8.197465
11.9776,6.8719716
11.320195,6.6570306
11.799953,10.275887
12.001688,7.0976725
11.749302,9.7764845
14.369814,8.683481
12.651225,9.836235
11.60105,9.659799
15.676775,-2.9850898
14.618699,-1.5705596
13.525747,9.548435
14.913842,-2.1418598
11.656029,9.533688
10.732939,9.080535
13.946791,9.12852
10.889295,9.298029
13.894194,7.9191966
10.529152,8.566658
14.584243,8.265546
13.087648,8.240793
13.819699,7.9338675
12.486359,7.85421
14.3097725,9.134729
12.027724,7.3674273
13.037559,9.127088
12.853884,7.5369577
15.772726,-3.061429
12.300441,9.975476
14.541493,-2.826625
11.14306,6.734454
15.273757,-2.757327
13.96741,7.6660438
12.596653,7.091415
13.04676,6.864585
13.339903,7.1787076
13.710378,-1.5691841
11.421545,7.689955
13.321451,6.7391567
12.6532135,6.5300946
13.48859,8.42205
12.1243515,7.3564887
14.220948,8.283803
13.4829,9.442823
12.245021,8.189299
13.905929,-1.0386767
14.021268,-1.4973269
14.066931,-1.3875638
14.571972,-1.4769319
13.36359,8.493205
13.254038,9.186434
15.182271,-2.5412686
12.828531,6.6207724
14.383589,8.762646
13.0037985,8.69359
12.472402,9.928556
11.782017,9.070523
15.321545,-2.8075755
13.7319565,7.8770876
11.826781,6.83618
12.075238,9.736587
14.587305,-1.5142702
13.471424,9.190589
14.45393,-2.6493762
12.113395,7.460021
11.018977,9.974497
11.938859,7.3578844
10.522512,8.097716
14.110494,-2.1502385
11.563498,7.893961
11.16164,10.438561
11.177928,10.192542
13.032997,6.8245997
11.505516,10.376166
11.661146,8.060651
11.153528,6.679838
12.608881,8.356883
14.8237295,9.252839
12.02025,7.1545525
14.83831,-2.0763292
15.2777195,-2.8328404
14.6692915,-1.9702709
15.795155,-3.0612545
14.547772,-2.8443785
13.975162,7.6432886
13.11263,6.9822216
14.466061,8.342067
13.5209255,9.575771
12.746773,8.467477
11.740774,8.255776
12.725482,7.3326945
12.720269,6.6337776
13.110948,7.0400124
14.570293,-2.2617943
11.207444,10.260163
14.174823,9.680812
14.571085,-2.2583408
13.984792,-1.258281
14.176381,7.708326
13.837515,9.259098
11.707351,6.7308016
14.422415,-1.471781
12.014821,9.814987
12.139571,9.919167
13.403073,9.215771
12.782458,6.5373597
12.15756,7.107406
10.780614,9.197501
12.272764,7.8973765
13.922588,7.926106
15.223732,-2.9612753
14.3145485,8.361037
11.841544,7.114112
12.413753,8.249556
13.742861,-1.0638471
12.08279,9.893801
12.357049,6.4489202
14.925978,-2.9321954
10.55016,8.171992
14.568383,-1.4734167
14.78063,-2.9523177
11.264194,10.323134
12.459103,10.114632
11.777051,8.382421
14.933068,-2.196907
15.378425,-2.876964
12.858042,6.608507
12.630385,8.372598
12.181557,9.775873
12.974188,7.791828
11.425646,9.995988
14.190555,9.5228195
12.073573,7.299335
11.305185,10.328202
11.969559,7.1431055
11.930466,6.5890155
14.612762,8.605594
15.471411,-3.3697388
13.330123,6.7297206
14.575765,8.395332
13.397624,7.6172967
14.63546,-1.974958
14.342614,8.648397
13.618208,7.0372143
13.799731,-1.6025609
14.981458,-2.5017776
13.755885,8.9771
11.920478,7.0443487
11.875916,9.106076
15.327639,-3.263183
15.765068,-3.0773585
12.231702,9.95621
12.938564,8.742807
12.109648,7.219275
12.424007,8.945378
11.3281355,6.652353
12.138508,7.518113
13.007099,8.73289
15.665863,-2.974514
13.147039,8.960361
11.912525,7.0321345
14.716701,9.399981
11.725601,6.5258675
14.781374,-1.9630426
14.408953,-2.1651883
12.206455,9.837709
12.703184,6.5401063
11.474075,7.7574515
11.211458,10.463469
13.896264,-1.4885095
13.391607,7.7737
15.222628,-3.2098632
13.603812,9.6129465
12.114434,9.682191
12.532506,9.999316
11.72467,10.395237
13.85957,8.013144
11.637918,7.7645903
15.823462,-3.0561354
10.492741,8.632889
13.507728,9.284867
12.289969,7.8272862
12.789612,8.332982
13.402915,9.452724
12.073737,9.806189
11.996167,7.297993
15.566873,-2.9267993
13.027499,8.491542
14.757687,-3.0614944
13.479762,7.4828987
12.148574,7.536968
14.618237,9.421341
12.378109,9.288547
11.772594,7.399153
12.678494,8.271307
14.258365,8.057887
11.618082,8.339136
15.345948,-3.370835
11.239032,6.8612566
14.130862,-1.8835865
12.295738,10.067184
14.914943,-3.0633607
11.724532,6.6335845
11.95515,9.386942
13.466326,9.513957
13.828973,-1.6240149
11.86508,8.940991
13.816213,-0.95368826
14.832015,9.155054
12.841575,8.483029
12.384955,8.217538
11.301752,6.9798017
15.651901,-3.2335246
13.693343,7.752194
12.504931,10.089288
14.189091,9.716332
14.690097,-1.8125908
12.179958,8.746794
13.854055,-0.92336017
11.226463,10.311518
12.492279,8.215291
14.25323,9.219534
13.759066,8.06647
14.158426,-1.6683277
12.75186,8.341813
14.555734,8.246127
13.830429,-1.0817777
14.254371,-1.8145529
13.191632,6.627847
13.240226,8.612646
14.748006,-2.2300544
12.672515,8.380301
13.9815035,8.005713
14.380566,8.279222
12.88897,7.312735
13.708069,-1.1803496
11.306897,7.184881
10.605117,8.35456
13.197432,6.637762
13.410526,8.572121
14.853692,8.990477
11.6104145,9.29822
14.222817,8.2625475
13.830613,-1.547522
14.343627,-2.2924545
14.128707,8.026435
14.316247,9.7461405
15.323574,-2.8466144
11.806466,10.272266
10.38462,8.462949
13.894113,-1.3117218
13.677963,8.835533
15.343692,-2.7898188
11.779709,10.451977
14.759562,-1.7884887
13.095815,6.6515646
14.868983,-3.0840838
10.781771,8.390144
11.353827,6.839769
11.453706,7.7460804
11.972754,9.174007
13.999627,9.755327
14.890298,9.143915
12.745772,8.395337
15.778872,-3.0610168
13.895672,-1.8276111
14.5624,-1.4463942
14.15058,9.016874
12.68743,9.817909
14.679183,9.001826
13.0106945,7.7822275
14.12114,-1.5549327
14.386959,-1.1424944
15.237261,-3.0394757
12.078862,6.7148843
14.555298,9.561289
12.002207,9.660513
10.8266735,8.817977
14.303923,-1.1822262
15.206081,-2.57925
14.738793,-3.0552104
14.247176,-1.2519432
13.9015875,7.491611
14.455053,9.732133
11.282932,6.7671747
12.415193,9.856825
14.2160425,9.494494
12.704341,8.145064
12.656676,9.824857
12.537814,6.3802385
14.088401,-1.1033969
12.508042,7.44395
12.366893,6.34336
12.131403,6.5005097
12.661205,9.835338
12.24531,6.8041487
14.579172,8.706197
15.19741,-2.6089385
12.08349,7.0259876
14.433793,8.884247
12.172564,6.607092
15.015146,-2.3633976
13.787735,7.3633404
12.466929,6.431429
11.282154,10.237785
11.962982,6.5295067
14.599561,-2.832847
12.845221,7.826224
11.492792,9.834993
10.411359,8.456729
12.81356,7.888601
11.768975,8.018651
12.292163,9.502919
14.445082,9.635927
14.37014,9.327212
13.700706,9.185604
14.011438,9.358247
15.027561,-3.1479957
15.081525,-3.2275014
12.786365,7.6496086
11.581211,7.8931394
11.22553,6.747162
12.703061,7.8736835
12.694727,6.498537
12.467433,7.7288103
10.552074,8.125997
11.583087,7.9916925
14.215389,-0.9748726
14.360699,8.813872
15.253563,-2.7372878
12.148508,6.6241865
15.1407175,-2.6757426
14.471431,9.618137
14.439035,-1.3287838
15.24907,-2.993573
13.728125,7.0627956
13.811698,7.277395
14.208496,9.711674
11.61361,9.891901
11.227536,6.6464553
11.114814,10.498089
14.665765,8.730728
13.724491,8.767356
11.56628,9.838487
11.304996,7.0098543
14.105823,8.645141
12.652444,9.86883
15.202122,-2.6324313
14.060191,9.37288
12.047116,7.8896675
13.573336,8.828926
12.859584,8.07508
14.016086,-1.4799818
15.518572,-3.0886555
12.258101,7.5560565
13.248762,9.373736
14.87381,8.742046
11.287637,9.416781
12.556899,7.577748
13.042555,7.719206
14.188635,8.937083
14.650382,9.399972
15.269319,-2.4836018
14.1970625,8.831764
14.838015,8.949735
14.446872,9.620855
13.769245,7.35557
12.736683,7.7419434
12.060542,6.4768224
14.047962,9.170131
14.358846,9.0875225
12.653641,7.975304
13.419808,9.354124
12.503039,6.3498936
15.348323,-2.9029644
14.521646,8.0341
14.390153,9.562061
14.293397,8.344841
13.654301,7.054966
14.155874,-1.6959878
12.755237,9.556141
10.551723,8.517166
14.5783825,-1.3327978
14.409149,8.816373
14.055339,9.4086685
14.147927,8.550659
14.558565,-1.3356118
14.016812,-0.97100896
12.0938835,7.029185
13.5221195,6.8686404
10.445358,8.395626
15.219513,-3.2875822
11.909063,9.174556
10.978448,8.997068
12.376203,7.424682
14.546282,-2.7911344
12.295781,7.099787
14.86811,-1.3729645
14.137339,-1.0197381
13.016988,8.487079
13.739153,9.58034
12.574843,7.775467
14.280867,-1.063257
15.316683,-3.4762282
14.3657255,-2.516413
12.455635,6.8742757
10.979153,7.7726874
13.769488,7.196262
14.670917,-2.9391477
13.57858,6.956767
12.737523,7.707099
10.4289,8.41062
11.344847,7.6005597
12.57198,7.548342
12.81948,7.825506
11.733288,9.889401
12.286908,9.119834
15.136529,-2.5797353
14.220534,8.659837
14.413602,8.818713
12.015022,9.125203
14.02318,-0.98622113
11.221205,9.160436
12.293801,9.029222
13.328365,8.58846
14.55059,-2.8247654
15.637585,-2.9732196
14.814709,8.92568
14.811977,9.146586
13.534888,9.231773
12.3014345,9.227921
12.185545,9.010423
13.847514,-0.944321
13.461452,8.690983
14.353033,9.682031
10.788388,7.9086084
13.06568,7.976904
12.056268,8.826058
11.050969,6.884506
13.245412,8.349655
12.699929,7.7313905
15.411229,-3.4268768
12.00482,7.182063
10.895618,8.85718
14.470849,-1.3326447
13.200088,8.214667
14.453174,9.048159
14.367443,8.995836
14.056868,9.254294
12.156292,7.071728
13.776456,-1.0009272
11.914545,7.335849
11.246992,6.7903686
12.367686,9.713784
11.656264,7.620543
13.690366,9.526468
15.259377,-3.1653903
12.193785,6.7450786
13.58527,9.25443
15.625291,-2.9520342
13.242823,6.625489
13.853966,7.151401
14.661209,-2.8924594
13.5731735,7.431849
13.206642,6.813716
13.598769,6.9810433
15.326449,-3.4159927
12.563375,8.746894
14.214147,-0.9784401
13.88261,-0.8926471
14.369077,9.112536
11.333981,7.4185038
15.295086,-3.3327515
13.534282,6.93396
11.322852,7.4703298
10.959217,8.828077
11.267739,7.234866
13.780204,7.1961417
11.311293,10.183499
13.538572,8.813128
11.284641,7.2482324
15.215951,-2.9071014
13.876306,-0.9930712
12.49567,6.4038196
15.260405,-3.2732248
14.6326685,9.499358
14.392789,9.622326
15.462446,-3.1695268
14.561125,-2.786661
14.420693,8.9585285
13.610543,7.3088517
12.581927,9.462197
14.997837,-3.2780573
13.122635,8.025541
12.0372,9.1634035
15.135804,-3.1660244
11.895082,7.266312
14.2150955,-1.3948036
13.830934,7.348611
14.519036,-2.6065564
13.486958,8.681006
13.334186,8.066469
14.144091,9.346782
13.525678,8.296207
12.009592,7.1146216
13.897694,9.443001
14.364024,-1.2397386
11.993126,6.7616215
12.227841,7.0440464
12.130859,6.554291
13.208215,7.860244
12.239213,9.156174
15.30309,-3.4191158
13.543133,6.894831
15.294249,-2.5899713
13.382007,8.591316
12.432979,7.5538063
15.168513,-2.6018796
13.722663,9.26187
10.532379,8.142098
12.433545,7.5107737
13.167022,7.997512
13.813956,9.374897
13.882082,-0.9542647
14.678805,-2.987792
12.231127,9.635726
12.378303,9.313408
14.7653475,8.70813
15.231734,-3.382359
14.349568,-2.2743268
13.675659,7.0988235
13.4294615,8.946867
14.789165,8.826904
14.563974,9.543736
13.628336,8.385897
12.283845,9.126453
15.23403,-2.6825628
11.821472,7.372936
12.266129,8.937751
11.267364,6.891696
13.1173,9.422595
11.223142,6.7974987
14.307909,8.897817
14.251695,-1.0718416
15.328377,-2.8498566
15.028874,-2.2534604
13.124148,8.254839
14.595407,-2.9576666
13.1901245,8.74542
13.665479,8.891602
14.178996,9.53455
13.34849,8.416596
13.9081745,-0.87225294
13.271942,7.783368
-1.2068292,1.5063971
8.912071,9.823681
-1.0701445,1.582647
-0.9939377,1.3631545
-1.061476,10.397007
8.928557,9.806833
-1.2762604,1.2298864
-1.0305387,10.3605385
-1.4164867,1.4696894
-0.5937819,9.286532
-0.28074363,9.763496
-0.75895447,9.843995
-1.4671841,10.475762
-0.89212763,9.898349
-1.3487977,1.0738332
9.226711,9.5216675
9.290953,9.470647
-0.824217,10.023172
-1.5836245,10.352681
-1.3967516,10.631943
-1.4136556,10.227482
-1.1558639,0.98906463
-1.5853168,10.508603
-1.6350045,10.639793
-1.5087084,1.3007542
8.882475,9.901083
-1.5116574,1.351405
-1.4291486,9.769886
-0.35178268,9.709234
-1.2307764,1.4118689
-1.5637525,10.611361
-1.0660841,10.29023
-0.23040465,9.751639
-0.7171001,10.13596
-1.4361324,9.6473875
-1.0371226,1.2852066
-1.0338025,9.559503
-1.4344691,10.115902
-0.55041,9.580774
-1.1315603,0.98045546
-0.7014287,9.528247
-1.216736,1.7601951
-1.5136712,10.431621
-0.2529731,9.735901
9.065036,9.688857
-1.5648485,10.355185
9.181633,9.535537
-0.73874605,9.836526
-0.5223578,9.88255
-1.5269967,10.386258
-1.3380209,0.914742
-1.2564157,1.7902942
-1.34024,9.780894
-1.3065257,1.7125573
-1.257313,1.6916214
-1.2579777,1.4688333
-1.5141803,1.2917222
-1.3737621,10.351623
-0.25465107,9.707277
9.246884,9.507405
-1.1751105,10.027147
8.840382,9.882704
8.877472,9.898401
-0.2988687,9.77581
-1.1635131,0.93024135
-0.71986246,10.001666
-0.5954032,9.934976
-0.33574423,9.738716
-1.1199523,10.421571
-0.47087628,9.88344
-1.007485,10.35926
9.163166,9.551189
-1.222777,1.8126651
-1.5894967,10.614149
-0.27677104,9.797575
-0.29594395,9.8308
-1.179419,1.4484444
-1.177217,9.838179
-1.3784499,10.199177
-1.1448857,10.355076
-1.0564709,1.5896163
-0.8048797,9.601484
-1.0651085,1.3678803
-1.2942508,1.8533492
-1.4402372,1.1279196
8.850962,9.92296
-1.5525287,10.246265
-1.2469499,1.7975712
-0.22963765,9.754034
8.953546,9.761467
-0.85991615,9.408014
-0.9429121,10.316513
-1.1043907,1.0763421
-1.1081575,1.2281795
-1.3281437,10.564792
-1.2046977,0.9619014
-1.744342,10.632061
-1.1552202,0.88641983
-1.6248486,10.145815
-1.4336509,9.671221
-1.1574085,9.773878
-1.2609475,9.532372
-1.2895788,1.672573
-1.4149668,9.965264
-1.6768813,10.613692
-1.2639661,10.195148
9.088086,9.7764
8.848541,9.9185
-1.4115175,9.728639
-1.1075249,0.90208095
-0.28355396,9.698296
-1.4548061,10.589242
-1.0640842,9.715185
-0.45064273,9.599072
-1.1757761,1.229601
-1.4126172,1.5458018
-1.210304,1.7305592
-0.61078906,9.399766
-0.56094146,9.328615
-1.3581061,10.333302
-1.0963228,1.6536815
-1.0768465,10.089464
-1.5376382,10.171689
-0.7377507,9.344739
-1.0144838,10.350465
8.862529,9.900694
-1.4330463,10.577308
-1.2686678,1.5179204
-1.4750232,10.567184
-1.4961234,10.212911
-0.3492798,9.820112
-1.1510124,10.424434
-1.5427076,1.2192065
8.8402,9.930936
-1.1469396,0.9611141
-1.4715904,9.691174
-1.3655164,1.1866131
-1.2818142,1.6825043
-1.13799,1.3110868
-1.2254186,9.55405
-1.4174874,9.888428
-0.9837292,9.760993
-1.2315687,0.9793729
-0.6230941,9.883158
-0.24940817,9.741661
-1.2710893,10.156366
8.880124,9.9488945
-0.37630096,9.60853
-1.0017152,9.793146
-1.246725,1.7389419
-1.3246698,1.3807353
-0.3648882,9.65162
-1.6384069,10.31972
-0.3726144,9.847937
9.090873,9.637526
-1.180235,1.7202387
-1.3450803,1.2053542
-1.5899687,10.154849
-0.7388766,9.955695
-1.1435038,1.2533195
9.3313675,9.385593
-1.4292688,1.5683533
-1.2394809,1.1531329
-1.5998614,10.383914
-0.6439839,9.400337
-1.533512,9.835512
-1.1870812,0.98214865
-1.3314831,1.2422295
-1.0757594,10.390709
-1.4508008,1.3257744
-1.0220054,9.696142
-0.6553302,9.346251
-1.3202066,10.444489
-1.5627006,9.752403
-1.3562924,9.917764
-1.2359996,10.568441
-0.8950447,9.790812
8.810199,9.969398
-0.96032786,9.678041
-1.4519434,9.710509
-0.22800584,9.762672
-1.7110631,10.673162
-1.6140845,1.2701186
-1.4391272,1.1174395
-1.167846,1.0079924
-0.9935224,9.526856
-1.232858,10.398527
-1.2578325,1.0069795
-0.23614287,9.757944
-0.871714,9.784364
-1.1755524,0.9667996
-1.085629,1.5879204
-0.52535427,10.010501
-1.4318364,10.05915
-1.5439794,10.663472
8.911419,9.869659
-1.0415144,9.479961
9.28932,9.460097
-1.139336,0.92697334
-0.39395756,9.793842
-0.70778686,9.917609
-0.49125475,9.890378
-0.85920495,9.477077
-1.5357187,1.2416695
-0.7135823,9.335141
-1.3566502,9.962148
-1.0763285,10.389358
-0.24694629,9.729113
-0.7206941,9.399381
-1.3965954,10.463102
-1.6914573,10.652846
-1.1658508,1.1326686
-1.2216611,9.784229
-1.1865216,0.8744391
-1.6690787,10.441425
-1.0962641,9.781102
-1.4366649,10.463419
-1.0494047,1.5822921
-1.013147,10.336086
12.266464,6.476335
15.499321,-3.3221092
12.497206,7.1721334
14.132762,8.537113
12.433077,9.812345
12.032618,7.262875
14.959241,-2.7523677
14.573191,8.563881
12.416518,7.71711
12.799471,7.2185955
14.272895,-2.3482006
13.191811,8.536991
13.3228855,6.6876435
14.783835,9.35347
13.133764,8.944572
11.665072,8.166456
14.8253565,9.241821
13.16427,9.338781
12.144992,9.657332
13.736706,7.8263316
13.118142,8.782909
11.099988,10.500328
12.356736,10.131635
10.521574,8.181199
13.734262,-1.6720165
11.634443,9.991256
11.829136,9.100519
13.650925,9.0754385
11.798269,9.032097
11.080005,10.483958
12.849868,9.548721
11.292291,6.6654224
13.717311,-1.5685151
14.83509,9.345244
10.409335,8.4120455
14.31877,9.384479
10.55234,8.124735
11.664095,8.292978
14.222747,8.022663
11.919301,9.008993
11.580844,8.190189
12.133018,9.778748
11.280701,6.716918
13.876198,-1.8490988
15.458456,-3.3544338
11.137522,10.47874
12.745651,7.3510823
14.292719,-2.4487298
11.992922,6.831321
11.930835,6.9500036
13.80041,-0.9957735
10.867872,9.379911
11.997234,9.693206
15.300624,-2.696317
11.623463,8.440535
12.482892,9.516455
12.608452,6.4973173
13.284001,6.7208714
10.608827,8.155973
14.890416,9.18438
13.18418,6.784071
14.723561,-1.8109514
11.877985,9.136686
13.135729,9.186956
11.2048025,9.361437
11.6100645,8.257559
10.660923,8.300733
14.192551,-2.294148
11.416675,9.646297
15.681087,-3.1238146
14.443534,-2.8323407
12.18505,8.235053
14.230802,-2.398703
15.790303,-3.1861744
11.873467,9.136876
12.334855,9.75293
15.772386,-3.0847275
12.547525,9.986746
13.041988,9.228276
13.463675,8.2040615
14.863421,-2.1819694
13.330093,8.866337
12.498491,6.5350776
14.941208,-2.09002
12.492311,10.154117
14.82138,9.401465
13.486612,9.522889
12.387955,7.6175694
12.246831,9.784724
14.356304,-2.5282004
15.272721,-2.7270823
13.555867,8.13169
12.695612,7.491639
12.258781,7.53209
13.67987,-1.5653678
12.2361765,7.0585256
14.623638,8.328743
14.993894,-2.245515
11.49346,10.021156
11.32222,7.582736
11.952502,6.9008856
13.52383,9.469217
12.748543,7.3251433
14.64147,8.266419
14.711313,-2.9847443
15.147531,-2.9197419
12.376685,7.734416
13.692424,-1.6211658
14.238181,9.727139
13.030014,8.8312025
12.083996,7.2487087
13.62771,9.616822
13.2438,8.896292
12.476067,7.943758
14.887388,-2.0979745
10.529238,8.125895
10.959934,9.461348
13.314091,6.7329073
13.678426,8.043323
15.269938,-2.8342466
